label,card_id,capture_file,auth_a_relative_score,auth_b_relative_score,read_block0_relative_score,combined_max_relative_score,accepted_as_formal
formal,lxj,formal-20260724T015613346441Z-48d1054f.pm3,0.9746258655470752,0.1785671612745612,0.12546143917478889,0.9746258655470752,True
formal,lxj,formal-20260724T015626693082Z-fb1a95ed.pm3,0.21599428407333554,0.8056333784711762,0.0984061736450447,0.8056333784711762,True
formal,lxj,formal-20260724T015635913960Z-d57d8e78.pm3,0.34723700076927067,0.08640824542270124,1.1812349905679784,1.1812349905679784,False
formal,lxj,formal-20260724T015638609370Z-990cb84c.pm3,0.5751637032515813,0.05797518812061045,0.09119600442994337,0.5751637032515813,True
formal,lxj,formal-20260724T015643348394Z-feb75409.pm3,0.6696431972288422,0.08591639825969169,0.06506366979681753,0.6696431972288422,True
formal,lxj,formal-20260724T015648322183Z-74391b45.pm3,0.272672317082363,0.9618844981338014,0.27390646078672554,0.9618844981338014,True
formal,lxj,formal-20260724T015651166180Z-38626c07.pm3,0.21665321662467038,1.06721633532568,0.6370386375222742,1.06721633532568,False
formal,lxj,formal-20260724T015657118919Z-8d1a3433.pm3,0.27071228548662124,0.14134395994986745,0.06301848926604138,0.27071228548662124,True
formal,lxj,formal-20260724T015730478259Z-89ca3eb0.pm3,0.46450221292178784,0.07258104059351383,0.07513065757093042,0.46450221292178784,True
formal,lxj,formal-20260724T015735658680Z-266405a4.pm3,0.3625279588155777,0.4389461406568735,1.1637417721831804,1.1637417721831804,False
formal,lxj,formal-20260724T015740701298Z-21720788.pm3,0.535336434924403,0.059466896280698865,0.061675629947446915,0.535336434924403,True
formal,lxj,formal-20260724T015743602069Z-c443bb17.pm3,0.999999999999,1.0446196104906804,0.03323146662314214,1.0446196104906804,False
formal,lxj,formal-20260724T015746566657Z-5e40ff27.pm3,0.21815416202137144,0.09226352633180947,0.8789828099483934,0.8789828099483934,True
formal,lxj,formal-20260724T015751312417Z-1b978820.pm3,0.2511926284599575,0.7182041572878397,0.0796377009905449,0.7182041572878397,True
formal,lxj,formal-20260724T015754255396Z-dbfc5b03.pm3,0.8601238282262966,0.08860074460033603,0.0782721376848293,0.8601238282262966,True
formal,lxj,formal-20260724T015757294924Z-fc0fa8b2.pm3,0.38141081877876926,0.11168683410650143,0.07354966500066139,0.38141081877876926,True
formal,lxj,formal-20260724T015801574476Z-2b7eb61c.pm3,0.255661887777129,0.3377678017832251,0.4831383152131557,0.4831383152131557,True
formal,lxj,formal-20260724T015804609627Z-fe4010f4.pm3,1.2257010342961023,0.1933717834533392,0.48941080722421976,1.2257010342961023,False
formal,lxj,formal-20260724T015811786285Z-4172b74c.pm3,0.22639315966401868,0.10120599989636653,0.04189932369605166,0.22639315966401868,True
formal,lxj,formal-20260724T015815104206Z-849fdac3.pm3,0.14274303540174213,0.4273693224136431,0.058646200843933974,0.4273693224136431,True
formal,lxj,formal-20260724T015833966200Z-b0f6b0cb.pm3,0.11057904320872851,0.9291692073741532,0.35634704582083987,0.9291692073741532,True
formal,lxj,formal-20260724T015837966886Z-afe89ac0.pm3,0.22984030689808813,0.07356088012904494,0.999999999999,0.999999999999,True
formal,lxj,formal-20260724T015844011236Z-d9d30555.pm3,0.8794916057798999,0.12546538042998506,0.03647044752626092,0.8794916057798999,True
formal,lxj,formal-20260724T015847018571Z-58f9f27d.pm3,0.9215614751094705,0.05562556644889172,0.4264282369602694,0.9215614751094705,True
formal,lxj,formal-20260724T015850666562Z-b7d4b5b9.pm3,0.2058236697959848,0.3516965018626372,0.04705167789270743,0.3516965018626372,True
formal,lxj,formal-20260724T015853338868Z-19d37860.pm3,0.7149105388700311,0.08305840287041784,0.8936183620803825,0.8936183620803825,True
formal,lxj,formal-20260724T015857893484Z-23abdf56.pm3,0.3830085776277159,0.7776707307776051,0.693439643920421,0.7776707307776051,True
formal,lxj,formal-20260724T015900878175Z-69a2db0c.pm3,0.45313697532811514,0.146943165446279,0.5761878193959787,0.5761878193959787,True
formal,lxj,formal-20260724T015904391184Z-011eeada.pm3,0.40998345307945616,0.33072350043497567,0.35609840629279943,0.40998345307945616,True
formal,lxj,formal-20260724T015907979967Z-bd7891c8.pm3,0.15933994779260138,0.23250281346112533,0.11388264159360209,0.23250281346112533,True
formal,lxj,formal-20260724T015918218728Z-7ea63066.pm3,0.9076474562129281,0.6877909159108728,0.3877160741228777,0.9076474562129281,True
formal,lxj,formal-20260724T015925981783Z-d930fcdb.pm3,0.24972294393496328,0.21900399162488654,1.0940134375829367,1.0940134375829367,False
formal,lxj,formal-20260724T015929232261Z-7b048d3a.pm3,0.24170718494973523,0.11680555245854357,0.060368373307141655,0.24170718494973523,True
formal,lyl,formal-20260724T013040931263Z-7ef47aa0.pm3,0.7331745287345709,0.1333384584639281,0.06725464779332999,0.7331745287345709,True
formal,lyl,formal-20260724T013046644124Z-13775376.pm3,0.08707116176128864,0.08389668351412016,0.14791067688756374,0.14791067688756374,True
formal,lyl,formal-20260724T013240471611Z-36ef8460.pm3,0.9778905769766308,0.975522066884264,1.1216871121981833,1.1216871121981833,False
formal,lyl,formal-20260724T013245667103Z-f550ee2c.pm3,0.37774282148869687,0.06861345428486744,0.5688080365256762,0.5688080365256762,True
formal,lyl,formal-20260724T013310797183Z-70d4443e.pm3,0.3469967413453884,0.4021240467360871,0.06321002183469687,0.4021240467360871,True
formal,lyl,formal-20260724T013313148286Z-77d76421.pm3,0.45432905960995407,1.0100589444822863,0.09965442037256082,1.0100589444822863,False
formal,lyl,formal-20260724T013315948785Z-9f23a4ea.pm3,0.36958889678412543,0.5088467417920505,0.402418699908972,0.5088467417920505,True
formal,lyl,formal-20260724T013320568448Z-ae1401fe.pm3,0.3276355114691759,0.2440467442933852,0.966873759583022,0.966873759583022,True
formal,lyl,formal-20260724T013326751471Z-219cbed1.pm3,0.2945304273834327,0.1833326507505105,0.05204836236187895,0.2945304273834327,True
formal,lyl,formal-20260724T013331615531Z-97b94723.pm3,0.43717373067454235,0.13561067164709223,0.8072895359241162,0.8072895359241162,True
formal,lyl,formal-20260724T013459513341Z-a578f981.pm3,0.08628788499688939,0.16540630253274222,0.9234562917135227,0.9234562917135227,True
formal,lyl,formal-20260724T013509102201Z-7d7d7d1c.pm3,1.041173202185075,0.4163985755528025,0.45526310997654085,1.041173202185075,False
formal,lyl,formal-20260724T013557496967Z-640c43e3.pm3,1.1351889469619354,0.999999999999,0.3402844156599833,1.1351889469619354,False
formal,lyl,formal-20260724T013604375057Z-ab00fb8a.pm3,0.3227041674149802,0.9550862463266594,0.1439943149965836,0.9550862463266594,True
formal,lyl,formal-20260724T013636301335Z-2255bfb4.pm3,0.3128554748074538,0.9683739767514276,0.4517720194909598,0.9683739767514276,True
formal,lyl,formal-20260724T013639960404Z-d2d2f5a6.pm3,0.37461019124917316,0.18985918089835582,0.12693589081066786,0.37461019124917316,True
formal,lyl,formal-20260724T013646165128Z-0f7eb5ce.pm3,0.2521537834083123,0.25673791685472924,0.06093184755532518,0.25673791685472924,True
formal,lyl,formal-20260724T013654715424Z-40c7ecbd.pm3,0.11562200659283463,0.06278121493685797,0.04674716314719743,0.11562200659283463,True
formal,lyl,formal-20260724T013706449531Z-c67040ca.pm3,0.3221828545021049,0.26006816730537946,0.045797062964117986,0.3221828545021049,True
formal,lyl,formal-20260724T014326594110Z-f70ce030.pm3,0.8426677695686344,0.36993840362972585,0.1540299596895572,0.8426677695686344,True
formal,lyl,formal-20260724T014331186086Z-8b390188.pm3,0.2677370433769997,0.1471820782428199,0.2618801772716271,0.2677370433769997,True
formal,lyl,formal-20260724T014335492479Z-19cc3025.pm3,0.5235761557403299,0.36322099767458244,0.30079301059713937,0.5235761557403299,True
formal,lyl,formal-20260724T014343975830Z-e1786866.pm3,0.33242090067843344,0.15943199739524075,0.050264431807183645,0.33242090067843344,True
formal,lyl,formal-20260724T014347604910Z-545bcbfa.pm3,0.08972609293957795,0.21389324985402008,0.26473884792027524,0.26473884792027524,True
formal,lyl,formal-20260724T014403337920Z-643fa7c7.pm3,0.15197476406975619,0.34100662001415355,0.11246931894604316,0.34100662001415355,True
formal,lyl,formal-20260724T014406332867Z-71ad6d35.pm3,0.9696372948081401,0.13933295006739166,0.08186442995008457,0.9696372948081401,True
formal,lyl,formal-20260724T014409004917Z-4da62efd.pm3,0.2966055561815652,0.28094197135454824,0.059087259438912666,0.2966055561815652,True
formal,lyl,formal-20260724T014432870938Z-779f2337.pm3,0.23788779852279685,0.06693391982125854,0.753100890420742,0.753100890420742,True
formal,lyl,formal-20260724T014438409991Z-d2b37dfb.pm3,0.3441526978026821,0.13802852849863,0.22141931897339348,0.3441526978026821,True
formal,lyl,formal-20260724T014527753922Z-6d001e85.pm3,0.23819491124271755,0.09945771759895627,0.10357642131710049,0.23819491124271755,True
formal,lyl,formal-20260724T014536289232Z-f9505968.pm3,0.28433892990122056,0.5666345968291399,0.5821970342227357,0.5821970342227357,True
formal,lyl,formal-20260724T014539621774Z-4ca0192d.pm3,0.20273051178856222,0.08085781640705063,0.9561612529385277,0.9561612529385277,True
formal,pcfe,formal-20260724T015149626727Z-ddc4ac6c.pm3,0.49320010810433984,0.17287128199191862,0.9354477117931824,0.9354477117931824,True
formal,pcfe,formal-20260724T015154240921Z-14ec6099.pm3,0.4848709189526004,0.16419717485327356,0.19229306727279963,0.4848709189526004,True
formal,pcfe,formal-20260724T015200489856Z-134ad0b8.pm3,0.21578084812004292,0.5695308643894433,0.20105129300824728,0.5695308643894433,True
formal,pcfe,formal-20260724T015203123559Z-262b5830.pm3,1.0645648865706665,0.6529119973629038,0.0993311760435459,1.0645648865706665,False
formal,pcfe,formal-20260724T015207459699Z-717d03fb.pm3,0.36846220466980917,0.20615984697039635,0.19014550795508925,0.36846220466980917,True
formal,pcfe,formal-20260724T015210507916Z-9b22c5b9.pm3,0.40323308196701774,0.2749283762122373,0.8138362420567682,0.8138362420567682,True
formal,pcfe,formal-20260724T015215685970Z-5145c156.pm3,0.2505793098635253,0.7956377225884983,0.08817793240411569,0.7956377225884983,True
formal,pcfe,formal-20260724T015219989211Z-512ef1c5.pm3,0.16053911930540912,0.13314034606503647,0.09727018333431946,0.16053911930540912,True
formal,pcfe,formal-20260724T015223276671Z-6f293bcf.pm3,0.496223287608224,0.15401729078670284,0.1204962275070534,0.496223287608224,True
formal,pcfe,formal-20260724T015231514223Z-1b9df50d.pm3,0.6073593974536317,0.22056509659411627,0.3917308879167507,0.6073593974536317,True
formal,pcfe,formal-20260724T015234626080Z-860989e5.pm3,0.7927491146099828,0.10235399256544038,0.08793500497394774,0.7927491146099828,True
formal,pcfe,formal-20260724T015240084770Z-bfde5c14.pm3,0.30625164079526146,0.13983501972381904,0.7452224875363198,0.7452224875363198,True
formal,pcfe,formal-20260724T015244145470Z-182fe6b7.pm3,0.28653780328055156,1.190863340639125,0.15186919725842846,1.190863340639125,False
formal,pcfe,formal-20260724T015250231461Z-1ff71cf5.pm3,0.14203924956824882,0.13368174302146488,0.07685720570372621,0.14203924956824882,True
formal,pcfe,formal-20260724T015254571243Z-a0220a0b.pm3,0.30351401427551233,0.12967374974334797,0.042949074667164085,0.30351401427551233,True
formal,pcfe,formal-20260724T015258257848Z-3c5ad380.pm3,0.374153442743853,0.07187024859235384,0.08816037187358634,0.374153442743853,True
formal,pcfe,formal-20260724T015304725700Z-6c741a52.pm3,0.15040696099847622,0.4105232449911251,0.03175204378555862,0.4105232449911251,True
formal,pcfe,formal-20260724T015334930975Z-ef9c39c8.pm3,0.06092047139928412,1.1252347419986375,0.050185778672138665,1.1252347419986375,False
formal,pcfe,formal-20260724T015341167858Z-bafc9ba3.pm3,0.4008328114139059,0.18715435527298432,0.08277327696792708,0.4008328114139059,True
formal,pcfe,formal-20260724T015346682245Z-bc69c6ce.pm3,0.9608404639150645,1.1555662725465632,0.15684670568759948,1.1555662725465632,False
formal,pcfe,formal-20260724T015349318661Z-02cc5242.pm3,0.41632310222356855,0.2831239081911776,0.10093358626354575,0.41632310222356855,True
formal,pcfe,formal-20260724T015353410410Z-b437c508.pm3,0.19688316873703463,0.2292605018108021,0.028368865311409502,0.2292605018108021,True
formal,pcfe,formal-20260724T015357088353Z-b8f65ade.pm3,0.13315489925565985,0.3771949327810783,0.0427865635019991,0.3771949327810783,True
formal,pcfe,formal-20260724T015400177708Z-9f6c83b6.pm3,0.8741594448323667,0.09802002451481931,0.032785243446682016,0.8741594448323667,True
formal,pcfe,formal-20260724T015410183474Z-7437814c.pm3,0.2723058119052834,0.0908632353417083,0.08582101578106233,0.2723058119052834,True
formal,pcfe,formal-20260724T015412986260Z-18800c2b.pm3,0.8821210668679299,0.4615985426719676,0.05016360752162298,0.8821210668679299,True
formal,pcfe,formal-20260724T015419818677Z-99755822.pm3,0.2940538645342902,0.12661203380612973,0.07322254634252692,0.2940538645342902,True
formal,pcfe,formal-20260724T015428873881Z-5c4a68d7.pm3,0.05419596807273125,0.9256033548256013,0.038828404993703144,0.9256033548256013,True
formal,pcfe,formal-20260724T015432289635Z-2b93a2ea.pm3,0.2167587193501812,0.5649418585016531,0.046757157761782506,0.5649418585016531,True
formal,pcfe,formal-20260724T015447765186Z-ee860cbe.pm3,0.2671680521745611,0.1213040364870695,0.04555679264338742,0.2671680521745611,True
formal,szc,formal-20260724T020147205450Z-3a0bc9fc.pm3,0.4527479252327719,0.05939704590374752,0.04898557182995005,0.4527479252327719,True
formal,szc,formal-20260724T020150415113Z-8ec4a56f.pm3,0.4548267890718973,0.8493728925378956,0.059685951624801434,0.8493728925378956,True
formal,szc,formal-20260724T020152991721Z-980eab4c.pm3,0.36633414701525285,0.18930956759087653,0.05943408935411265,0.36633414701525285,True
formal,szc,formal-20260724T020155592342Z-9be97ead.pm3,0.3590819485076707,0.04442600458568439,0.05024290737904244,0.3590819485076707,True
formal,szc,formal-20260724T020159418287Z-6c510f2f.pm3,0.40664214497366885,0.527205221564615,0.07006633445487018,0.527205221564615,True
formal,szc,formal-20260724T020212426296Z-5549a9f9.pm3,0.3217794776206066,0.17281611119633564,0.22006001039463993,0.3217794776206066,True
formal,szc,formal-20260724T020218342048Z-0b8f4d0c.pm3,0.29354439103788693,0.2547954060960902,0.05141946512711756,0.29354439103788693,True
formal,szc,formal-20260724T020223918127Z-d35ca182.pm3,0.3234241086848774,0.10895273741465486,0.04448705197673595,0.3234241086848774,True
formal,szc,formal-20260724T020227401883Z-baa0f81c.pm3,0.2159991235007679,0.14216978420787754,0.055176694179217854,0.2159991235007679,True
formal,szc,formal-20260724T020230201170Z-41f133d4.pm3,0.9343222798017115,0.058392091154424675,1.0999048375953668,1.0999048375953668,False
formal,szc,formal-20260724T020232762521Z-efeb34aa.pm3,0.6979557758358645,0.39144514339148556,0.05353038644150329,0.6979557758358645,True
formal,szc,formal-20260724T020235585635Z-42cbac7d.pm3,0.6205759660932612,0.1323193721172579,0.047561320471536155,0.6205759660932612,True
formal,szc,formal-20260724T020241254437Z-2449f649.pm3,0.1342328655461949,0.04225224440158412,0.04841134260312922,0.1342328655461949,True
formal,szc,formal-20260724T020244005637Z-0754aa66.pm3,0.6741688579118543,0.11580744227128421,0.3473101746617805,0.6741688579118543,True
formal,szc,formal-20260724T020246732427Z-46d7a5d0.pm3,1.0092263060320874,0.03029252745339672,0.07875990776939748,1.0092263060320874,False
formal,szc,formal-20260724T020249630759Z-03f82bf4.pm3,0.8779691655636384,0.41881085355464787,0.04715800204810865,0.8779691655636384,True
formal,szc,formal-20260724T020253957229Z-c56d7ec4.pm3,0.08639506686066566,0.05393822534900686,0.04560123303972687,0.08639506686066566,True
formal,szc,formal-20260724T020256674239Z-3be4eff4.pm3,0.30055338709803237,0.25907373714831505,0.4673540753770176,0.4673540753770176,True
formal,szc,formal-20260724T020259309612Z-1014b342.pm3,0.8230636498631222,0.07193202415412886,0.6587882345019332,0.8230636498631222,True
formal,szc,formal-20260724T020302518559Z-c18c67b0.pm3,0.8052728767432609,0.3793100464210204,0.04884051482857621,0.8052728767432609,True
formal,szc,formal-20260724T020310878994Z-a5741ac3.pm3,0.07623568215090372,0.04074526915850833,0.11539376155444293,0.11539376155444293,True
formal,szc,formal-20260724T020315303817Z-40b765c7.pm3,0.21985305333179453,0.12423659112421222,0.1790983570509518,0.21985305333179453,True
formal,szc,formal-20260724T020324276828Z-eca2e84c.pm3,1.0414121262655556,0.5472549490509552,0.1551398833643594,1.0414121262655556,False
formal,szc,formal-20260724T020339742707Z-dd4b8684.pm3,0.3426855593679048,0.24333770438684088,0.10553106457387859,0.3426855593679048,True
formal,szc,formal-20260724T020346759038Z-a02bda3b.pm3,0.7384684622917526,0.20703020552477155,0.42669825907428965,0.7384684622917526,True
formal,szc,formal-20260724T020353085890Z-4c328960.pm3,0.11315573337357783,0.12298551170350026,0.04440522185459415,0.12298551170350026,True
formal,szc,formal-20260724T020356211001Z-22a1ef21.pm3,1.0325754811957084,0.05066736702177443,0.2870565189737555,1.0325754811957084,False
formal,szc,formal-20260724T020359133997Z-cf2469aa.pm3,0.8141792043075011,0.0871061003105782,0.22699783042252292,0.8141792043075011,True
formal,szc,formal-20260724T020403724227Z-08a98df2.pm3,0.25564682248789655,0.9215785767190989,0.05549756770188267,0.9215785767190989,True
formal,szc,formal-20260724T020406701231Z-89388e63.pm3,1.1816064570199658,0.06235041602639639,0.07922957041622988,1.1816064570199658,False
formal,szc,formal-20260724T020410971738Z-60350388.pm3,0.21996663645987413,0.11209830477151182,0.2772239581344884,0.2772239581344884,True
formal,ypz,formal-20260724T020605389724Z-84c3f9d4.pm3,0.11076697914923264,0.08664737923037848,0.0895197627730817,0.11076697914923264,True
formal,ypz,formal-20260724T020608042677Z-fc26277b.pm3,0.5737942646027808,0.025771971366732316,0.09977070161125358,0.5737942646027808,True
formal,ypz,formal-20260724T020610746726Z-d829f241.pm3,1.0225816864319002,0.061230543494171896,0.577749582175852,1.0225816864319002,False
formal,ypz,formal-20260724T020617502392Z-5af5d26e.pm3,0.3439097948417001,0.1251806336704436,0.08646538872631236,0.3439097948417001,True
formal,ypz,formal-20260724T020620542644Z-09bab56e.pm3,0.7742580408882372,0.14069813784996765,0.09124875165028042,0.7742580408882372,True
formal,ypz,formal-20260724T020623506827Z-75ae1237.pm3,0.547131427150911,0.13196873825600394,0.09868204897311257,0.547131427150911,True
formal,ypz,formal-20260724T020626391403Z-15d3175b.pm3,0.4070908085565054,0.08777636405481229,0.5133409831574914,0.5133409831574914,True
formal,ypz,formal-20260724T020632858973Z-3454cd60.pm3,0.2571299218590592,0.11427270393535924,0.08286666862481984,0.2571299218590592,True
formal,ypz,formal-20260724T020635538241Z-cc862193.pm3,0.4200130345866255,0.2856494514064751,0.5502295987012165,0.5502295987012165,True
formal,ypz,formal-20260724T020638748598Z-71531040.pm3,0.3283400727387181,0.08659575442017178,0.06305404467116507,0.3283400727387181,True
formal,ypz,formal-20260724T020644245899Z-9eaa4745.pm3,0.6832997187539711,0.06623238268781834,0.03206475452553624,0.6832997187539711,True
formal,ypz,formal-20260724T020647174458Z-62a3d131.pm3,0.2810878309375888,0.2478753734951696,0.04665842009881904,0.2810878309375888,True
formal,ypz,formal-20260724T020653002768Z-7546c48d.pm3,0.3412788174077348,0.1564380430341697,0.0643785594792161,0.3412788174077348,True
formal,ypz,formal-20260724T020655629358Z-3306e861.pm3,0.5600237281184017,0.1177928428786042,0.8046913926373679,0.8046913926373679,True
formal,ypz,formal-20260724T020658411223Z-b630bc27.pm3,0.5537099673884611,0.0846661547966911,0.05152082093724316,0.5537099673884611,True
formal,ypz,formal-20260724T020702835654Z-0d2ebae4.pm3,0.2606194355558791,0.03226595896236901,0.04311618238941205,0.2606194355558791,True
formal,ypz,formal-20260724T020705862584Z-58253245.pm3,0.6866445181218906,0.41350467556323334,0.03785909963357204,0.6866445181218906,True
formal,ypz,formal-20260724T020708374373Z-1a4b61e5.pm3,0.3230681893019301,0.17615363311747964,0.05661927384599687,0.3230681893019301,True
formal,ypz,formal-20260724T020710960352Z-e5041d3e.pm3,0.30928023583897885,0.06468143465691414,0.054346969161390375,0.30928023583897885,True
formal,ypz,formal-20260724T020715018418Z-bc3c1f64.pm3,0.23263066740007787,0.8528015825562992,0.06298690635350652,0.8528015825562992,True
formal,ypz,formal-20260724T020718809393Z-22f6617c.pm3,0.32203027864462186,0.045595232848348544,0.03895155882813429,0.32203027864462186,True
formal,ypz,formal-20260724T020723926984Z-2fbe4ab5.pm3,0.2995782306859997,0.09138955596281001,0.035177784147343884,0.2995782306859997,True
formal,ypz,formal-20260724T020726738031Z-8a8dc6f3.pm3,0.30385510736520843,0.06498236997737486,1.0224650335666707,1.0224650335666707,False
formal,ypz,formal-20260724T020729198712Z-d9abc373.pm3,0.7342674316863184,0.4595512203879527,0.5541065561192273,0.7342674316863184,True
formal,ypz,formal-20260724T020734966806Z-2bf9a14f.pm3,0.2937455386545753,0.4460072004714115,0.5969721406678947,0.5969721406678947,True
formal,ypz,formal-20260724T020737637027Z-fa50e83a.pm3,0.7676864783875548,0.044473791815081064,0.6139254067799701,0.7676864783875548,True
formal,ypz,formal-20260724T020745740851Z-943a0dae.pm3,0.25976301113299716,0.07013291032688745,0.05167159376217864,0.25976301113299716,True
formal,ypz,formal-20260724T020748369724Z-edb5d189.pm3,0.6145930969937416,0.06130380129255722,0.08727447051073443,0.6145930969937416,True
formal,ypz,formal-20260724T020801845589Z-84358de5.pm3,0.38783857549184525,0.15083438559730364,0.09697904859629852,0.38783857549184525,True
formal,ypz,formal-20260724T020810594298Z-6ee1942e.pm3,0.35572915313869946,1.1183944320340322,0.10305213029603529,1.1183944320340322,False
formal,zxh,formal-20260724T014620325372Z-e7d9ce01.pm3,0.24425355411718255,0.048887313395884806,0.6436755825247287,0.6436755825247287,True
formal,zxh,formal-20260724T014626286942Z-3fb471c1.pm3,0.14975288688553634,0.06698218206273948,0.20983184941991673,0.20983184941991673,True
formal,zxh,formal-20260724T014628878966Z-63adb0da.pm3,0.399770117010764,1.0632970370134869,0.08261822449310179,1.0632970370134869,False
formal,zxh,formal-20260724T014631236111Z-961e396a.pm3,0.3415442638248998,0.09193593184310225,0.09830274093338631,0.3415442638248998,True
formal,zxh,formal-20260724T014636388839Z-d09796d3.pm3,0.39480249863565436,0.11278861712264068,0.08325982713712796,0.39480249863565436,True
formal,zxh,formal-20260724T014641541669Z-f8aafc93.pm3,0.33008489481858555,0.5322351781517273,0.0746890142662757,0.5322351781517273,True
formal,zxh,formal-20260724T014644832608Z-4ff84dd2.pm3,0.4782175254839231,0.08909376005556582,0.7453554439084069,0.7453554439084069,True
formal,zxh,formal-20260724T014655806053Z-34748195.pm3,0.3790783583232983,0.4975458766831097,1.700832428973541,1.700832428973541,False
formal,zxh,formal-20260724T014658191632Z-639712b8.pm3,0.41947149118203636,0.5517367752497654,1.5208697442382686,1.5208697442382686,False
formal,zxh,formal-20260724T014700542218Z-7b386bd7.pm3,0.6625119423178424,0.2819497772299888,0.07319444097323381,0.6625119423178424,True
formal,zxh,formal-20260724T014705175601Z-f72124f9.pm3,0.7710280212683703,0.1923189730975326,1.0418674750652328,1.0418674750652328,False
formal,zxh,formal-20260724T014707856155Z-2f7ee99e.pm3,0.6593646959024495,0.10693508471940366,0.10584822249183605,0.6593646959024495,True
formal,zxh,formal-20260724T014709876948Z-adbf23b1.pm3,0.6676818761333391,0.1261256388134783,0.08039539123034697,0.6676818761333391,True
formal,zxh,formal-20260724T014711863697Z-4436b644.pm3,0.5398587945993503,0.05164363613883436,0.6422507421346848,0.6422507421346848,True
formal,zxh,formal-20260724T014715889623Z-f504472e.pm3,0.250832477892084,0.07265566951263179,0.031678395845514386,0.250832477892084,True
formal,zxh,formal-20260724T014718357830Z-f4ecfdea.pm3,0.5086785241276394,1.0444418743394934,0.06137676133813195,1.0444418743394934,False
formal,zxh,formal-20260724T014722305612Z-94d3d520.pm3,0.08915006546552817,0.03139638476447747,0.10146921758852014,0.10146921758852014,True
formal,zxh,formal-20260724T014734405951Z-6f15acfb.pm3,0.3418586515851707,0.11805251486579248,0.06478865651780441,0.3418586515851707,True
formal,zxh,formal-20260724T014737497292Z-6218f447.pm3,0.37746345393391184,0.044922832032885794,0.05697740899001806,0.37746345393391184,True
formal,zxh,formal-20260724T014752973825Z-d8a69ce2.pm3,0.2723845179502339,0.053388574056266735,0.09057252751974271,0.2723845179502339,True
formal,zxh,formal-20260724T014756346010Z-78e8baa8.pm3,0.3832965893719554,0.052942856212982975,0.058601899471874205,0.3832965893719554,True
formal,zxh,formal-20260724T014803324111Z-1e6d8c8d.pm3,0.2229650772694364,0.16319076572447616,0.6056902737274803,0.6056902737274803,True
formal,zxh,formal-20260724T014808233544Z-81cb5079.pm3,0.2595662048368915,0.36683522956573744,0.034301887802650054,0.36683522956573744,True
formal,zxh,formal-20260724T014813121168Z-5b906019.pm3,0.4432903941618731,0.1278986885927218,0.7731834206148424,0.7731834206148424,True
magic,lxj,magic-20260724T015953504805Z-06113ba0.pm3,2.4258026325584194,2.2872244434440945,1.821828770776199,2.4258026325584194,False
magic,lxj,magic-20260724T015958770962Z-2dea676b.pm3,2.1574111919521943,1.1733521290254336,0.7495744010028429,2.1574111919521943,False
magic,lxj,magic-20260724T020005582819Z-1aaa6802.pm3,0.9980403337663251,1.4759995817313651,0.3735164298620575,1.4759995817313651,False
magic,lxj,magic-20260724T020012058534Z-9fcaf83f.pm3,1.803974338126838,0.8514046722460598,1.4199977709875036,1.803974338126838,False
magic,lxj,magic-20260724T020019228158Z-06ee6098.pm3,1.728235663477197,0.8380113624396497,0.6035565302498881,1.728235663477197,False
magic,lxj,magic-20260724T020026473081Z-ce908232.pm3,0.3616476105007413,1.2896292863930612,1.8270052083894435,1.8270052083894435,False
magic,lxj,magic-20260724T020033630937Z-83cfdab9.pm3,2.4158154589167906,1.549125670826198,0.6626268828636899,2.4158154589167906,False
magic,lxj,magic-20260724T020039598653Z-2242585a.pm3,2.2005739927593,1.151029983071939,1.4038251997884053,2.2005739927593,False
magic,lxj,magic-20260724T020043826319Z-7e2c8ab5.pm3,1.518532622375567,1.7713518314331356,1.9508919349531713,1.9508919349531713,False
magic,lxj,magic-20260724T020046659083Z-8fc81ffe.pm3,1.6363370710153968,1.6719414951949252,2.009287740057887,2.009287740057887,False
magic,lxj,magic-20260724T020050181816Z-8b987944.pm3,1.880127258648724,0.9676901376610426,0.6741767094728481,1.880127258648724,False
magic,lxj,magic-20260724T020053599369Z-74bd5e31.pm3,1.896759281853185,0.959468941695695,0.801322513454535,1.896759281853185,False
magic,lxj,magic-20260724T020058274098Z-a896f855.pm3,1.8499760058745864,0.9431222624154869,0.689362549799785,1.8499760058745864,False
magic,lxj,magic-20260724T020116042235Z-1572b8b0.pm3,1.869492437285475,0.8775090994512869,0.6888858068727746,1.869492437285475,False
magic,lyl,magic-20260724T014034716022Z-82e91c27.pm3,1.4036347174302843,0.2248395708552255,0.5790881284543867,1.4036347174302843,False
magic,lyl,magic-20260724T014038632897Z-084a77a5.pm3,0.7828496096741496,0.2805576110932236,0.4161127845505363,0.7828496096741496,True
magic,lyl,magic-20260724T014042492912Z-69261227.pm3,0.9882699884732968,0.47037823125957107,0.5980928302923904,0.9882699884732968,True
magic,lyl,magic-20260724T014046352178Z-a118cfe6.pm3,1.0462813252267087,0.522051486352532,1.0182499098967703,1.0462813252267087,False
magic,lyl,magic-20260724T014052328758Z-1f930719.pm3,1.198450940683538,1.7937841817203153,0.6449304004351578,1.7937841817203153,False
magic,lyl,magic-20260724T014056471749Z-50005477.pm3,0.9011035364260566,1.3081527663826549,0.6264613644449065,1.3081527663826549,False
magic,lyl,magic-20260724T014101279572Z-b1c2f298.pm3,1.009831498339589,1.064872626123112,0.3982920206558,1.064872626123112,False
magic,lyl,magic-20260724T014104128382Z-dc770755.pm3,1.4978473385398283,0.6982537673932873,0.9791358563394373,1.4978473385398283,False
magic,lyl,magic-20260724T014108093494Z-e55f8cab.pm3,0.960936447568732,0.49615178357062495,2.102667237875154,2.102667237875154,False
magic,lyl,magic-20260724T014111858260Z-57611202.pm3,0.8176877220231822,0.3342841080100455,1.8701980741793671,1.8701980741793671,False
magic,lyl,magic-20260724T014115152318Z-7b44e01b.pm3,0.6083334030783432,0.9464427044158262,0.2911646928122624,0.9464427044158262,True
magic,lyl,magic-20260724T014146218204Z-570f2c02.pm3,0.4595473470161003,0.5995828661688032,0.30872005129612234,0.5995828661688032,True
magic,lyl,magic-20260724T014300287803Z-787f2dc7.pm3,1.8181058175261293,0.7547379109069821,1.7852565256338915,1.8181058175261293,False
magic,lyl,magic-20260724T014309293224Z-b8eed773.pm3,0.7507795197664379,0.40420134612708314,1.7362786272408892,1.7362786272408892,False
magic,pcfe,magic-20260724T015051177829Z-271cd8df.pm3,2.1466809286712656,0.9987551379684227,0.7832993920175212,2.1466809286712656,False
magic,pcfe,magic-20260724T015058286356Z-849cbfad.pm3,1.8940802703107724,0.9565506933385486,1.851377593282624,1.8940802703107724,False
magic,pcfe,magic-20260724T015105737406Z-b34d26dd.pm3,1.322984310847604,0.6864933223195061,0.5357987346290973,1.322984310847604,False
magic,pcfe,magic-20260724T015111192433Z-cea92748.pm3,0.8430486196503606,0.6778075394352429,1.7184983955304738,1.7184983955304738,False
magic,pcfe,magic-20260724T015118148924Z-bbe7c81f.pm3,0.7786521548867179,0.3625260166631682,1.9778364795454046,1.9778364795454046,False
magic,pcfe,magic-20260724T015121570284Z-25b56c69.pm3,1.101958715725955,0.3445727646062331,1.7277498932075397,1.7277498932075397,False
magic,pcfe,magic-20260724T015125701228Z-addcbac9.pm3,1.1886135650103982,1.640737950673255,0.8809537366325405,1.640737950673255,False
magic,pcfe,magic-20260724T015128619188Z-d4173ff3.pm3,2.028531867119878,1.355988046491115,0.6406325111216418,2.028531867119878,False
magic,pcfe,magic-20260724T015132934811Z-9acb4f44.pm3,1.2330440105675193,1.0016192065051772,0.5053746027124111,1.2330440105675193,False
magic,szc,magic-20260724T020432984663Z-551c9a6e.pm3,1.6757383037621885,0.8057872389976848,1.6311067757982642,1.6757383037621885,False
magic,szc,magic-20260724T020438950989Z-c134c848.pm3,1.6448395834680023,0.78523480757848,0.6494100276064225,1.6448395834680023,False
magic,szc,magic-20260724T020442506517Z-4e79b21f.pm3,1.6473934836867783,0.8738215200843633,1.6232552865049195,1.6473934836867783,False
magic,szc,magic-20260724T020446514162Z-a75c290f.pm3,1.6041719353765678,0.9214361810235489,1.6556487897471381,1.6556487897471381,False
magic,szc,magic-20260724T020449470193Z-9b19fe31.pm3,2.057007777147809,1.7372562360184334,0.6043228352255738,2.057007777147809,False
magic,szc,magic-20260724T020453499135Z-18b36b83.pm3,2.040866392314049,1.6594094690325558,1.64584885165696,2.040866392314049,False
magic,szc,magic-20260724T020458457866Z-7f577dd2.pm3,1.920886284048831,0.919385973573807,0.6612687801256912,1.920886284048831,False
magic,szc,magic-20260724T020501090226Z-21891422.pm3,2.0767065775338436,0.8779291232197273,0.6785649645681349,2.0767065775338436,False
magic,szc,magic-20260724T020503785686Z-d8a9573d.pm3,1.9487480752088873,0.8511158012903061,0.5526273088982473,1.9487480752088873,False
magic,szc,magic-20260724T020507442396Z-0c4993de.pm3,0.8548133937886417,0.2053456987605247,0.27283453551817116,0.8548133937886417,True
magic,szc,magic-20260724T020513310908Z-b788b952.pm3,0.49736317650379086,2.1064832955454618,1.1144889645304459,2.1064832955454618,False
magic,szc,magic-20260724T020516179150Z-ca374803.pm3,0.8171924447796944,0.4572193447468259,1.6686734146058657,1.6686734146058657,False
magic,szc,magic-20260724T020518618794Z-b7ae6756.pm3,0.7612948770890701,0.6563868564504961,0.24919456676000884,0.7612948770890701,True
magic,szc,magic-20260724T020524030019Z-a6a3f1dd.pm3,1.2607776131113229,0.7218955603325532,1.3920257236254785,1.3920257236254785,False
magic,szc,magic-20260724T020526695925Z-a170d146.pm3,0.9426458997521427,0.2520485636165751,1.2882477309144251,1.2882477309144251,False
magic,zxh,magic-20260724T025605179210Z-3f2d10b9.pm3,1.9706385044493337,0.8953799753179293,1.7175382311897023,1.9706385044493337,False
magic,zxh,magic-20260724T025608250931Z-53fdf1d9.pm3,2.025416432904806,0.9325543041113727,0.9490820634213608,2.025416432904806,False
magic,zxh,magic-20260724T025612597381Z-948ebbde.pm3,0.609577049403403,0.3676263443235749,0.3936043135189312,0.609577049403403,True
magic,zxh,magic-20260724T025640231570Z-c386dcb3.pm3,0.7370512052319113,0.33882397724955693,0.40951264674363574,0.7370512052319113,True
magic,zxh,magic-20260724T025649272401Z-8a455633.pm3,0.8381593661021064,0.45298777622194186,1.5923868698979358,1.5923868698979358,False
magic,zxh,magic-20260724T025652467883Z-e796a19e.pm3,1.0909321358052309,0.353406117806767,0.37466048463545804,1.0909321358052309,False
magic,zxh,magic-20260724T025701350882Z-0b0c7da8.pm3,0.8547914945799935,0.38453417313202776,1.9783747479236,1.9783747479236,False
magic,zxh,magic-20260724T025706861254Z-267e8a8c.pm3,1.8741647010443414,0.4328758228334485,1.7471260157031976,1.8741647010443414,False
magic,zxh,magic-20260724T025711408476Z-16cd27be.pm3,0.7548061211442141,0.45701026837661574,0.473737189143591,0.7548061211442141,True
